sentiment_group,days,avg_daily_pnl,median_daily_pnl,daily_pnl_std,daily_pnl_min,daily_pnl_max,loss_days,avg_win_rate,avg_trades
Fear,105,39012.05419173333,1876.812082,96894.94150505935,-122672.000883,616413.032233,13,0.32887622876674505,792.7333333333333
Greed,307,15847.884637211726,1008.619956,66645.09804304344,-419020.225731,599151.795008,35,0.3847932629801237,294.12052117263846
Neutral,67,19297.323515671644,1818.573295,37995.209071285164,-10116.875552,213860.675308,10,0.33188630490067184,562.4776119402985
