sentiment_group,freq_segment,trades,total_pnl,win_rate,avg_trade_size,directional_long_share
Fear,Infrequent,10722,664429.829797,0.37343779145681777,4602.874290244357,0.30777839955232233
Fear,Frequent,72515,3431835.860335,0.41296283527546024,7563.359761290768,0.621567951458319
Greed,Infrequent,9790,1526225.174871,0.38784473953013276,4008.6124096016347,0.44433094994892747
Greed,Frequent,80505,3339075.408753,0.4242593627724986,4643.23139929197,0.31966958574001614
Neutral,Infrequent,3749,119389.365204,0.37156575086689786,4800.574774606561,0.48759669245132037
Neutral,Frequent,33937,1173531.310346,0.39979962872381175,4780.761653947019,0.5425936293720718
